key,key:project,key:user-story
associated-with-01.01,project-01,user-story-01
associated-with-02.01,project-02,user-story-01
associated-with-02.02,project-02,user-story-02
associated-with-03.01,project-03,user-story-01
associated-with-03.02,project-03,user-story-02
associated-with-03.03,project-03,user-story-03
associated-with-03.04,project-03,user-story-04
associated-with-03.05,project-03,user-story-05
associated-with-31.01,project-31,user-story-01
associated-with-31.02,project-31,user-story-02
associated-with-31.03,project-31,user-story-03
associated-with-31.04,project-31,user-story-04
associated-with-31.05,project-31,user-story-05
associated-with-31.06,project-31,user-story-06
associated-with-31.07,project-31,user-story-07
associated-with-31.08,project-31,user-story-08
associated-with-31.09,project-31,user-story-09
associated-with-31.10,project-31,user-story-10
