key,degree,specialisation,skills,email,link,key:user-account
developer-01,degree1,specialisation1,skills1,developer1@gmail.com,https://github.com/Jaime-Linares/Acme-SF-D02,user-account-developer-01
developer-02,d,specialisation2,skills2,developer2@gmail.com,https://github.com/Jaime-Linares/Acme-SF-D02,user-account-developer-02
developer-03,de,specialisation3,skills3,developer3@gmail.com,https://github.com/Jaime-Linares/Acme-SF-D02,user-account-developer-03
developer-04,esto es un degree de exactamente 75 caracteres-----------------------------,specialisation4,skills4,developer4@gmail.com,https://github.com/Jaime-Linares/Acme-SF-D02,user-account-developer-04
developer-05,esto es un degree de exactamente 74 caracteres----------------------------,specialisation5,skills5,developer5@gmail.com,https://github.com/Jaime-Linares/Acme-SF-D02,user-account-developer-05
developer-06,你好,specialisation6,skills6,developer6@gmail.com,https://github.com/Jaime-Linares/Acme-SF-D02,user-account-developer-06
developer-07,<h1>!</h1>,specialisation7,skills7,developer7@gmail.com,https://github.com/Jaime-Linares/Acme-SF-D02,user-account-developer-07
developer-08,degree8,s,skills8,developer8@gmail.com,https://github.com/Jaime-Linares/Acme-SF-D02,user-account-developer-08
developer-09,degree9,sp,skills9,developer9@gmail.com,https://github.com/Jaime-Linares/Acme-SF-D02,user-account-developer-09
developer-10,degree10,esto es una specialisation de exactamente 100 caracteres--------------------------------------------,skills10,developer10@gmail.com,https://github.com/Jaime-Linares/Acme-SF-D02,user-account-developer-10
developer-11,degree11,esto es una specialisation de exactamente 99 caracteres--------------------------------------------,skills11,developer11@gmail.com,https://github.com/Jaime-Linares/Acme-SF-D02,user-account-developer-11
developer-12,degree12,你好,skills12,developer12@gmail.com,https://github.com/Jaime-Linares/Acme-SF-D02,user-account-developer-12
developer-13,degree13,<h1>!</h1>,skills13,developer13@gmail.com,https://github.com/Jaime-Linares/Acme-SF-D02,user-account-developer-13
developer-14,degree14,specialisation14,s,developer14@gmail.com,https://github.com/Jaime-Linares/Acme-SF-D02,user-account-developer-14
developer-15,degree15,specialisation15,sk,developer15@gmail.com,https://github.com/Jaime-Linares/Acme-SF-D02,user-account-developer-15
developer-16,degree16,specialisation16,esto es una skill de exactamente 100 caracteres-----------------------------------------------------,developer16@gmail.com,https://github.com/Jaime-Linares/Acme-SF-D02,user-account-developer-16
developer-17,degree17,specialisation17,esto es una skill de exactamente 99 caracteres-----------------------------------------------------,developer17@gmail.com,https://github.com/Jaime-Linares/Acme-SF-D02,user-account-developer-17
developer-18,degree18,specialisation18,你好,developer18@gmail.com,https://github.com/Jaime-Linares/Acme-SF-D02,user-account-developer-18
developer-19,degree19,specialisation19,<h1>!</h1>,developer19@gmail.com,https://github.com/Jaime-Linares/Acme-SF-D02,user-account-developer-19
developer-20,degree20,specialisation20,skills20,d@g.com,https://github.com/Jaime-Linares/Acme-SF-D02,user-account-developer-20
developer-21,degree21,specialisation21,skills21,de@gm.com,https://github.com/Jaime-Linares/Acme-SF-D02,user-account-developer-21
developer-22,degree22,specialisation22,skills22,你好@gmail.com,https://github.com/Jaime-Linares/Acme-SF-D02,user-account-developer-22
developer-23,degree23,specialisation23,skills23,limitedecaracteresemaillllllllllllllllllllllllllllllllllllllllll@gmail.com,https://github.com/Jaime-Linares/Acme-SF-D02,user-account-developer-23
developer-24,degree24,specialisation24,skills24,limitedecaracteresmenosunoooooooooooooooooooooooooooooooooooooo@gmail.com,https://github.com/Jaime-Linares/Acme-SF-D02,user-account-developer-24
developer-25,degree25,specialisation25,skills25,developer25@gmail.com,https://,user-account-developer-25
developer-26,degree26,specialisation26,skills26,developer26@gmail.com,https://www.ejemplo.com/pagina?parametro1=valor1&parametro2=valor2,user-account-developer-26
developer-27,degree27,specialisation27,skills27,developer27@gmail.com,,user-account-developer-27
developer-28,degree28,specialisation28,skills28,developer28@gmail.com,https://urldeexactamente255caracteresssssssssssssssssssssssssssssssssssssssssssssssssssssssssssssssssssssssssssssssssssssssssssssssssssssssssssssssssssssssssssssssssssssssssssssssssssssssssssssssssssssssssssssssssssssssssssssssssssssssssssssssssssssss.com,user-account-developer-28
